Course Hole,Avg Score,Avg O/U Par,Eagle,Birdie,Pars,Bogey,Dbl Bogey,Other,2017 Average,2018 rd 1,2018 rd 2,2018 rd 3,2018 rd 4,2018 Average
Torrey Pines GC (South) - 12,4.41,0.41,0,17,163,116,14,0,72.268,71.462,72.09,72.208,74.779,72.343
El Camaleon GC - 14,4.373,0.373,1,19,253,113,24,5,69.609,70.348,70.504,70.654,69.654,70.323
Riviera CC - 12,4.362,0.362,0,26,254,135,17,4,71.012,72.203,72.135,70.605,71.382,71.759
CC of Jackson - 16,4.348,0.348,0,25,248,107,24,4,71.058,71.542,71.654,72.12,72.333,71.828
Torrey Pines GC (South) - 4,4.329,0.329,0,24,173,100,13,0,72.268,71.462,72.09,72.208,74.779,72.343
TPC Summerlin - 3,4.324,0.324,0,36,257,121,25,2,69.623,71.174,72.284,72.192,70.231,71.542
El Camaleon GC - 16,4.308,0.308,0,26,251,123,14,1,69.609,70.348,70.504,70.654,69.654,70.323
Stadium Course - 13,3.302,0.302,0,29,133,49,13,8,70.787,69.316,69.323,70.805,71.234,70.015
Torrey Pines GC (South) - 7,4.287,0.287,0,22,189,87,12,0,72.268,71.462,72.09,72.208,74.779,72.343
Spyglass Hill GC - 5,3.279,0.279,0,9,101,36,8,0,71.801,70.699,71.161,71.994,72.053,71.389
Monterey Peninsula CC - 7,3.277,0.277,0,6,103,43,3,0,71.801,70.699,71.161,71.994,72.053,71.389
Torrey Pines (North) - 3,3.276,0.276,0,1,113,40,2,0,72.268,71.462,72.09,72.208,74.779,72.343
Torrey Pines (North) - 4,4.276,0.276,0,10,94,51,1,0,72.268,71.462,72.09,72.208,74.779,72.343
Riviera CC - 15,4.257,0.257,1,25,279,123,8,0,71.012,72.203,72.135,70.605,71.382,71.759
Spyglass Hill GC - 8,4.253,0.253,0,16,95,33,8,2,71.801,70.699,71.161,71.994,72.053,71.389
Torrey Pines (North) - 18,4.25,0.25,0,15,89,50,2,0,72.268,71.462,72.09,72.208,74.779,72.343
Torrey Pines GC (South) - 15,4.245,0.245,1,22,193,88,6,0,72.268,71.462,72.09,72.208,74.779,72.343
Pebble Beach GL - 8,4.242,0.242,0,25,137,59,8,2,71.801,70.699,71.161,71.994,72.053,71.389
Torrey Pines (North) - 2,4.237,0.237,0,12,96,47,1,0,72.268,71.462,72.09,72.208,74.779,72.343
La Quinta CC - 15,3.234,0.234,0,7,108,35,4,0,70.787,69.316,69.323,70.805,71.234,70.015
Waialae CC - 13,4.232,0.232,0,33,277,124,4,1,68.309,69.208,69.224,68.408,68.171,68.895
Torrey Pines GC (South) - 11,3.232,0.232,0,16,209,82,3,0,72.268,71.462,72.09,72.208,74.779,72.343
Silverado Resort and Spa North - 7,3.225,0.225,0,34,280,112,10,0,70.827,71.965,71.035,70.787,73.693,71.757
Stadium Course - 6,3.224,0.224,0,27,138,57,8,2,70.787,69.316,69.323,70.805,71.234,70.015
Pebble Beach GL - 9,4.221,0.221,0,18,149,59,5,0,71.801,70.699,71.161,71.994,72.053,71.389
Pebble Beach GL - 12,3.221,0.221,0,18,149,59,5,0,71.801,70.699,71.161,71.994,72.053,71.389
Torrey Pines (North) - 12,3.218,0.218,0,11,107,31,7,0,72.268,71.462,72.09,72.208,74.779,72.343
TPC Summerlin - 17,3.215,0.215,0,44,282,91,24,0,69.623,71.174,72.284,72.192,70.231,71.542
CC of Jackson - 12,4.213,0.213,0,41,250,107,9,1,71.058,71.542,71.654,72.12,72.333,71.828
Torrey Pines (North) - 13,4.205,0.205,0,17,98,33,8,0,72.268,71.462,72.09,72.208,74.779,72.343
TPC Summerlin - 8,3.2,0.2,0,28,303,105,4,1,69.623,71.174,72.284,72.192,70.231,71.542
Sea Island Resort (Plantation) - 13,4.2,0.2,0,8,113,30,3,1,69.184,69.761,70.297,68.466,69.425,69.682
La Quinta CC - 14,4.195,0.195,1,15,96,37,5,0,70.787,69.316,69.323,70.805,71.234,70.015
Spyglass Hill GC - 6,4.195,0.195,0,14,99,38,3,0,71.801,70.699,71.161,71.994,72.053,71.389
Riviera CC - 4,3.193,0.193,0,29,302,98,6,1,71.012,72.203,72.135,70.605,71.382,71.759
Silverado Resort and Spa North - 2,3.188,0.188,0,32,293,108,3,0,70.827,71.965,71.035,70.787,73.693,71.757
Sea Island Resort (Plantation) - 15,3.187,0.187,0,10,115,21,9,0,69.184,69.761,70.297,68.466,69.425,69.682
TPC Summerlin - 11,4.186,0.186,0,40,292,97,11,1,69.623,71.174,72.284,72.192,70.231,71.542
Torrey Pines (North) - 8,3.186,0.186,0,15,99,40,2,0,72.268,71.462,72.09,72.208,74.779,72.343
Plantation Course at Kapalua - 2,3.184,0.184,0,10,92,33,1,0,70.375,71.912,70.971,71.412,70.588,71.221
Pebble Beach GL - 5,3.182,0.182,0,23,149,53,6,0,71.801,70.699,71.161,71.994,72.053,71.389
Sea Island Resort (Plantation) - 10,4.181,0.181,0,12,112,25,4,2,69.184,69.761,70.297,68.466,69.425,69.682
Silverado Resort and Spa North - 3,4.179,0.179,0,51,277,90,15,3,70.827,71.965,71.035,70.787,73.693,71.757
Riviera CC - 18,4.179,0.179,0,40,288,99,8,1,71.012,72.203,72.135,70.605,71.382,71.759
El Camaleon GC - 1,4.178,0.178,0,49,269,79,10,8,69.609,70.348,70.504,70.654,69.654,70.323
TPC Scottsdale - 11,4.178,0.178,0,38,273,78,13,2,70.192,70.893,70.047,69.903,70.208,70.324
TPC Scottsdale - 14,4.178,0.178,0,38,265,93,7,1,70.192,70.893,70.047,69.903,70.208,70.324
Riviera CC - 2,4.177,0.177,0,39,289,101,6,1,71.012,72.203,72.135,70.605,71.382,71.759
Waialae CC - 6,4.175,0.175,0,53,269,105,11,1,68.309,69.208,69.224,68.408,68.171,68.895
Torrey Pines GC (South) - 17,4.171,0.171,0,33,198,72,7,0,72.268,71.462,72.09,72.208,74.779,72.343
El Camaleon GC - 18,4.169,0.169,0,27,300,79,9,0,69.609,70.348,70.504,70.654,69.654,70.323
Plantation Course at Kapalua - 1,4.169,0.169,0,5,104,26,1,0,70.375,71.912,70.971,71.412,70.588,71.221
TPC Scottsdale - 5,4.168,0.168,0,40,275,73,13,3,70.192,70.893,70.047,69.903,70.208,70.324
Riviera CC - 5,4.165,0.165,0,47,286,89,12,2,71.012,72.203,72.135,70.605,71.382,71.759
CC of Jackson - 8,4.162,0.162,0,45,261,93,9,0,71.058,71.542,71.654,72.12,72.333,71.828
Spyglass Hill GC - 16,4.162,0.162,0,13,107,31,2,1,71.801,70.699,71.161,71.994,72.053,71.389
Sea Island Resort (Plantation) - 11,3.161,0.161,0,11,111,30,3,0,69.184,69.761,70.297,68.466,69.425,69.682
Riviera CC - 13,4.161,0.161,0,37,297,97,5,0,71.012,72.203,72.135,70.605,71.382,71.759
TPC Summerlin - 6,4.156,0.156,1,56,282,80,19,3,69.623,71.174,72.284,72.192,70.231,71.542
Monterey Peninsula CC - 8,4.155,0.155,0,16,102,34,3,0,71.801,70.699,71.161,71.994,72.053,71.389
CC of Jackson - 4,3.154,0.154,0,37,276,90,5,0,71.058,71.542,71.654,72.12,72.333,71.828
Torrey Pines (North) - 15,3.154,0.154,0,19,95,41,1,0,72.268,71.462,72.09,72.208,74.779,72.343
Sea Island Resort (Seaside) - 14,4.153,0.153,0,33,198,61,9,0,69.184,69.761,70.297,68.466,69.425,69.682
Riviera CC - 14,3.151,0.151,0,33,307,93,3,0,71.012,72.203,72.135,70.605,71.382,71.759
Torrey Pines GC (South) - 14,4.148,0.148,0,33,206,63,8,0,72.268,71.462,72.09,72.208,74.779,72.343
Monterey Peninsula CC - 9,3.148,0.148,0,26,83,43,3,0,71.801,70.699,71.161,71.994,72.053,71.389
Pebble Beach GL - 10,4.143,0.143,0,25,158,41,4,3,71.801,70.699,71.161,71.994,72.053,71.389
Riviera CC - 9,4.142,0.142,0,44,292,94,6,0,71.012,72.203,72.135,70.605,71.382,71.759
Waialae CC - 11,3.141,0.141,0,39,301,97,2,0,68.309,69.208,69.224,68.408,68.171,68.895
Sea Island Resort (Seaside) - 3,3.14,0.14,0,30,203,64,4,0,69.184,69.761,70.297,68.466,69.425,69.682
Plantation Course at Kapalua - 13,4.14,0.14,0,13,94,26,3,0,70.375,71.912,70.971,71.412,70.588,71.221
Riviera CC - 8,4.14,0.14,0,49,292,83,9,3,71.012,72.203,72.135,70.605,71.382,71.759
Stadium Course - 15,4.138,0.138,0,20,165,42,5,0,70.787,69.316,69.323,70.805,71.234,70.015
TPC Summerlin - 4,4.132,0.132,0,43,304,89,3,2,69.623,71.174,72.284,72.192,70.231,71.542
Plantation Course at Kapalua - 8,3.132,0.132,0,23,81,25,5,2,70.375,71.912,70.971,71.412,70.588,71.221
El Camaleon GC - 2,4.128,0.128,0,44,290,68,11,2,69.609,70.348,70.504,70.654,69.654,70.323
Pebble Beach GL - 14,5.126,0.126,0,48,117,56,9,1,71.801,70.699,71.161,71.994,72.053,71.389
CC of Jackson - 18,4.123,0.123,0,47,270,86,4,1,71.058,71.542,71.654,72.12,72.333,71.828
El Camaleon GC - 12,4.123,0.123,0,44,285,77,9,0,69.609,70.348,70.504,70.654,69.654,70.323
Spyglass Hill GC - 13,4.123,0.123,0,12,112,29,1,0,71.801,70.699,71.161,71.994,72.053,71.389
Monterey Peninsula CC - 15,4.123,0.123,0,18,103,32,1,1,71.801,70.699,71.161,71.994,72.053,71.389
Monterey Peninsula CC - 18,4.123,0.123,0,18,104,29,4,0,71.801,70.699,71.161,71.994,72.053,71.389
TPC Summerlin - 5,3.12,0.12,1,56,294,75,10,5,69.623,71.174,72.284,72.192,70.231,71.542
Silverado Resort and Spa North - 4,4.119,0.119,0,65,268,90,12,1,70.827,71.965,71.035,70.787,73.693,71.757
TPC Summerlin - 18,4.118,0.118,0,71,277,69,19,5,69.623,71.174,72.284,72.192,70.231,71.542
Monterey Peninsula CC - 17,4.116,0.116,0,28,87,37,1,2,71.801,70.699,71.161,71.994,72.053,71.389
Sea Island Resort (Seaside) - 4,4.113,0.113,1,36,201,57,3,3,69.184,69.761,70.297,68.466,69.425,69.682
Sea Island Resort (Plantation) - 3,3.11,0.11,0,15,109,30,1,0,69.184,69.761,70.297,68.466,69.425,69.682
TPC Scottsdale - 2,4.106,0.106,0,62,247,87,6,2,70.192,70.893,70.047,69.903,70.208,70.324
Stadium Course - 3,4.091,0.091,0,27,163,36,6,0,70.787,69.316,69.323,70.805,71.234,70.015
Pebble Beach GL - 11,4.091,0.091,1,31,150,44,5,0,71.801,70.699,71.161,71.994,72.053,71.389
Silverado Resort and Spa North - 15,3.089,0.089,1,65,279,80,8,3,70.827,71.965,71.035,70.787,73.693,71.757
TPC Summerlin - 12,4.088,0.088,0,63,300,57,18,3,69.623,71.174,72.284,72.192,70.231,71.542
El Camaleon GC - 15,3.087,0.087,0,53,280,75,7,0,69.609,70.348,70.504,70.654,69.654,70.323
CC of Jackson - 7,3.086,0.086,0,41,294,70,3,0,71.058,71.542,71.654,72.12,72.333,71.828
Stadium Course - 1,4.086,0.086,0,27,159,45,1,0,70.787,69.316,69.323,70.805,71.234,70.015
Stadium Course - 10,4.086,0.086,0,41,142,38,10,1,70.787,69.316,69.323,70.805,71.234,70.015
TPC Summerlin - 2,4.084,0.084,0,59,300,71,8,3,69.623,71.174,72.284,72.192,70.231,71.542
Waialae CC - 4,3.084,0.084,0,43,320,72,4,0,68.309,69.208,69.224,68.408,68.171,68.895
Plantation Course at Kapalua - 10,4.081,0.081,0,18,93,21,4,0,70.375,71.912,70.971,71.412,70.588,71.221
Silverado Resort and Spa North - 13,4.08,0.08,0,61,283,88,4,0,70.827,71.965,71.035,70.787,73.693,71.757
Pebble Beach GL - 1,4.078,0.078,1,32,150,45,2,1,71.801,70.699,71.161,71.994,72.053,71.389
Spyglass Hill GC - 10,4.078,0.078,0,20,105,26,3,0,71.801,70.699,71.161,71.994,72.053,71.389
CC of Jackson - 10,3.076,0.076,0,49,281,76,2,0,71.058,71.542,71.654,72.12,72.333,71.828
Plantation Course at Kapalua - 7,4.074,0.074,0,17,92,27,0,0,70.375,71.912,70.971,71.412,70.588,71.221
Plantation Course at Kapalua - 11,3.074,0.074,0,21,86,27,2,0,70.375,71.912,70.971,71.412,70.588,71.221
Sea Island Resort (Plantation) - 9,4.071,0.071,0,16,116,19,4,0,69.184,69.761,70.297,68.466,69.425,69.682
Torrey Pines GC (South) - 16,3.071,0.071,0,39,211,59,1,0,72.268,71.462,72.09,72.208,74.779,72.343
Pebble Beach GL - 3,4.069,0.069,0,31,163,29,6,2,71.801,70.699,71.161,71.994,72.053,71.389
Riviera CC - 7,4.067,0.067,0,70,273,87,6,0,71.012,72.203,72.135,70.605,71.382,71.759
Nicklaus Tournament Course - 18,4.065,0.065,0,20,109,23,2,1,70.787,69.316,69.323,70.805,71.234,70.015
TPC Summerlin - 10,4.061,0.061,0,73,286,68,11,3,69.623,71.174,72.284,72.192,70.231,71.542
CC of Jackson - 6,4.059,0.059,0,51,286,67,4,0,71.058,71.542,71.654,72.12,72.333,71.828
Waialae CC - 17,3.059,0.059,1,75,266,91,6,0,68.309,69.208,69.224,68.408,68.171,68.895
TPC Scottsdale - 7,3.059,0.059,0,42,298,62,2,0,70.192,70.893,70.047,69.903,70.208,70.324
Nicklaus Tournament Course - 9,4.058,0.058,0,19,114,16,6,0,70.787,69.316,69.323,70.805,71.234,70.015
Torrey Pines GC (South) - 3,3.058,0.058,0,47,205,54,3,1,72.268,71.462,72.09,72.208,74.779,72.343
Silverado Resort and Spa North - 8,4.055,0.055,0,75,281,63,15,2,70.827,71.965,71.035,70.787,73.693,71.757
Riviera CC - 10,4.055,0.055,1,87,249,86,12,1,71.012,72.203,72.135,70.605,71.382,71.759
Waialae CC - 8,4.052,0.052,0,68,288,77,5,1,68.309,69.208,69.224,68.408,68.171,68.895
La Quinta CC - 12,3.052,0.052,0,16,116,20,2,0,70.787,69.316,69.323,70.805,71.234,70.015
Spyglass Hill GC - 9,4.052,0.052,0,17,114,21,2,0,71.801,70.699,71.161,71.994,72.053,71.389
Waialae CC - 1,4.048,0.048,0,58,307,69,5,0,68.309,69.208,69.224,68.408,68.171,68.895
Waialae CC - 16,4.048,0.048,0,65,298,68,6,2,68.309,69.208,69.224,68.408,68.171,68.895
Sea Island Resort (Plantation) - 7,3.045,0.045,0,25,106,16,8,0,69.184,69.761,70.297,68.466,69.425,69.682
Nicklaus Tournament Course - 12,3.045,0.045,0,26,101,23,5,0,70.787,69.316,69.323,70.805,71.234,70.015
TPC Scottsdale - 4,3.045,0.045,0,49,291,62,1,1,70.192,70.893,70.047,69.903,70.208,70.324
Plantation Course at Kapalua - 17,4.044,0.044,0,20,94,18,4,0,70.375,71.912,70.971,71.412,70.588,71.221
Stadium Course - 9,4.043,0.043,0,38,153,36,3,2,70.787,69.316,69.323,70.805,71.234,70.015
Stadium Course - 18,4.043,0.043,0,33,168,21,9,1,70.787,69.316,69.323,70.805,71.234,70.015
Pebble Beach GL - 16,4.043,0.043,0,30,162,38,1,0,71.801,70.699,71.161,71.994,72.053,71.389
TPC Scottsdale - 12,3.04,0.04,0,49,296,53,6,0,70.192,70.893,70.047,69.903,70.208,70.324
CC of Jackson - 17,4.039,0.039,0,58,286,55,8,1,71.058,71.542,71.654,72.12,72.333,71.828
Sea Island Resort (Plantation) - 5,4.039,0.039,0,29,94,29,3,0,69.184,69.761,70.297,68.466,69.425,69.682
Plantation Course at Kapalua - 4,4.037,0.037,0,18,97,19,2,0,70.375,71.912,70.971,71.412,70.588,71.221
Riviera CC - 16,3.037,0.037,0,69,287,75,5,0,71.012,72.203,72.135,70.605,71.382,71.759
Torrey Pines GC (South) - 1,4.035,0.035,0,46,210,51,3,0,72.268,71.462,72.09,72.208,74.779,72.343
TPC Scottsdale - 6,4.035,0.035,0,68,260,70,6,0,70.192,70.893,70.047,69.903,70.208,70.324
TPC Scottsdale - 18,4.035,0.035,0,76,252,64,11,1,70.192,70.893,70.047,69.903,70.208,70.324
La Quinta CC - 16,4.032,0.032,0,24,103,25,2,0,70.787,69.316,69.323,70.805,71.234,70.015
Silverado Resort and Spa North - 10,4.028,0.028,1,69,296,59,10,1,70.827,71.965,71.035,70.787,73.693,71.757
Stadium Course - 17,3.026,0.026,0,39,160,22,10,1,70.787,69.316,69.323,70.805,71.234,70.015
Spyglass Hill GC - 3,3.026,0.026,0,32,90,28,4,0,71.801,70.699,71.161,71.994,72.053,71.389
Monterey Peninsula CC - 5,4.026,0.026,0,21,110,23,1,0,71.801,70.699,71.161,71.994,72.053,71.389
Pebble Beach GL - 13,4.022,0.022,0,31,165,34,1,0,71.801,70.699,71.161,71.994,72.053,71.389
Sea Island Resort (Seaside) - 2,4.02,0.02,0,61,179,56,4,1,69.184,69.761,70.297,68.466,69.425,69.682
Nicklaus Tournament Course - 1,4.019,0.019,0,24,107,21,3,0,70.787,69.316,69.323,70.805,71.234,70.015
Monterey Peninsula CC - 4,4.019,0.019,0,23,112,16,3,1,71.801,70.699,71.161,71.994,72.053,71.389
Silverado Resort and Spa North - 12,4.018,0.018,0,83,274,68,10,1,70.827,71.965,71.035,70.787,73.693,71.757
Sea Island Resort (Seaside) - 12,3.017,0.017,0,34,230,35,2,0,69.184,69.761,70.297,68.466,69.425,69.682
Pebble Beach GL - 18,5.017,0.017,3,66,102,46,12,2,71.801,70.699,71.161,71.994,72.053,71.389
Silverado Resort and Spa North - 17,4.016,0.016,0,76,282,73,5,0,70.827,71.965,71.035,70.787,73.693,71.757
Sea Island Resort (Seaside) - 1,4.013,0.013,0,38,225,34,4,0,69.184,69.761,70.297,68.466,69.425,69.682
Sea Island Resort (Seaside) - 10,4.013,0.013,1,42,213,42,3,0,69.184,69.761,70.297,68.466,69.425,69.682
Nicklaus Tournament Course - 17,3.013,0.013,0,20,114,20,1,0,70.787,69.316,69.323,70.805,71.234,70.015
Torrey Pines (North) - 1,4.013,0.013,0,22,111,22,1,0,72.268,71.462,72.09,72.208,74.779,72.343
TPC Summerlin - 14,3.011,0.011,1,64,308,65,3,0,69.623,71.174,72.284,72.192,70.231,71.542
Waialae CC - 7,3.011,0.011,0,81,285,62,9,2,68.309,69.208,69.224,68.408,68.171,68.895
CC of Jackson - 5,5.005,0.005,0,65,280,59,4,0,71.058,71.542,71.654,72.12,72.333,71.828
Pebble Beach GL - 17,3.004,0.004,0,42,151,33,5,0,71.801,70.699,71.161,71.994,72.053,71.389
Sea Island Resort (Seaside) - 9,4.003,0.003,0,34,235,29,3,0,69.184,69.761,70.297,68.466,69.425,69.682
Silverado Resort and Spa North - 14,4.002,0.002,0,76,289,65,6,0,70.827,71.965,71.035,70.787,73.693,71.757
CC of Jackson - 9,4.002,0.002,0,62,285,59,2,0,71.058,71.542,71.654,72.12,72.333,71.828
Waialae CC - 3,4.002,0.002,0,83,286,58,10,2,68.309,69.208,69.224,68.408,68.171,68.895
Riviera CC - 3,4.002,0.002,1,65,304,64,2,0,71.012,72.203,72.135,70.605,71.382,71.759
Waialae CC - 5,4,0,0,64,314,58,3,0,68.309,69.208,69.224,68.408,68.171,68.895
TPC Scottsdale - 9,4,0,0,67,275,57,5,0,70.192,70.893,70.047,69.903,70.208,70.324
Spyglass Hill GC - 2,4,0,0,20,115,18,1,0,71.801,70.699,71.161,71.994,72.053,71.389
Sea Island Resort (Plantation) - 17,3.994,-0.006,0,24,111,18,1,1,69.184,69.761,70.297,68.466,69.425,69.682
Monterey Peninsula CC - 6,4.994,-0.006,0,37,88,26,2,2,71.801,70.699,71.161,71.994,72.053,71.389
Sea Island Resort (Seaside) - 18,3.993,-0.007,1,45,215,35,5,0,69.184,69.761,70.297,68.466,69.425,69.682
Torrey Pines GC (South) - 8,2.99,-0.01,0,57,203,46,4,0,72.268,71.462,72.09,72.208,74.779,72.343
Riviera CC - 6,2.989,-0.011,1,83,281,66,3,2,71.012,72.203,72.135,70.605,71.382,71.759
TPC Scottsdale - 8,3.988,-0.012,1,52,303,47,1,0,70.192,70.893,70.047,69.903,70.208,70.324
Nicklaus Tournament Course - 6,3.987,-0.013,0,30,100,22,3,0,70.787,69.316,69.323,70.805,71.234,70.015
Torrey Pines GC (South) - 10,3.987,-0.013,0,48,218,44,0,0,72.268,71.462,72.09,72.208,74.779,72.343
Monterey Peninsula CC - 14,2.987,-0.013,0,23,112,19,1,0,71.801,70.699,71.161,71.994,72.053,71.389
Silverado Resort and Spa North - 1,3.986,-0.014,0,64,314,58,0,0,70.827,71.965,71.035,70.787,73.693,71.757
Silverado Resort and Spa North - 6,3.986,-0.014,0,70,305,58,3,0,70.827,71.965,71.035,70.787,73.693,71.757
Waialae CC - 2,3.982,-0.018,1,94,263,74,7,0,68.309,69.208,69.224,68.408,68.171,68.895
Spyglass Hill GC - 12,2.981,-0.019,0,24,111,17,2,0,71.801,70.699,71.161,71.994,72.053,71.389
Monterey Peninsula CC - 2,3.981,-0.019,0,22,116,15,2,0,71.801,70.699,71.161,71.994,72.053,71.389
Sea Island Resort (Seaside) - 17,2.98,-0.02,0,56,197,46,2,0,69.184,69.761,70.297,68.466,69.425,69.682
Silverado Resort and Spa North - 11,2.979,-0.021,0,67,317,46,6,0,70.827,71.965,71.035,70.787,73.693,71.757
TPC Scottsdale - 1,3.975,-0.025,0,69,281,50,3,1,70.192,70.893,70.047,69.903,70.208,70.324
Nicklaus Tournament Course - 8,2.974,-0.026,0,33,105,10,5,2,70.787,69.316,69.323,70.805,71.234,70.015
Torrey Pines (North) - 16,3.974,-0.026,0,31,101,21,3,0,72.268,71.462,72.09,72.208,74.779,72.343
El Camaleon GC - 9,3.973,-0.027,0,69,291,52,3,0,69.609,70.348,70.504,70.654,69.654,70.323
Sea Island Resort (Seaside) - 11,3.973,-0.027,0,56,201,40,4,0,69.184,69.761,70.297,68.466,69.425,69.682
TPC Scottsdale - 10,3.973,-0.027,0,66,284,53,1,0,70.192,70.893,70.047,69.903,70.208,70.324
Sea Island Resort (Seaside) - 5,3.97,-0.03,0,79,170,41,6,5,69.184,69.761,70.297,68.466,69.425,69.682
Nicklaus Tournament Course - 14,3.968,-0.032,0,28,107,18,1,1,70.787,69.316,69.323,70.805,71.234,70.015
Spyglass Hill GC - 18,3.968,-0.032,0,23,114,16,1,0,71.801,70.699,71.161,71.994,72.053,71.389
Waialae CC - 14,3.966,-0.034,0,67,325,42,5,0,68.309,69.208,69.224,68.408,68.171,68.895
Sea Island Resort (Plantation) - 6,3.961,-0.039,0,33,95,27,0,0,69.184,69.761,70.297,68.466,69.425,69.682
Sea Island Resort (Plantation) - 12,3.961,-0.039,0,24,115,14,2,0,69.184,69.761,70.297,68.466,69.425,69.682
La Quinta CC - 3,2.961,-0.039,1,18,123,10,2,0,70.787,69.316,69.323,70.805,71.234,70.015
Torrey Pines GC (South) - 2,3.958,-0.042,0,53,219,36,2,0,72.268,71.462,72.09,72.208,74.779,72.343
La Quinta CC - 2,3.955,-0.045,0,26,111,15,2,0,70.787,69.316,69.323,70.805,71.234,70.015
Monterey Peninsula CC - 1,3.955,-0.045,1,30,100,23,1,0,71.801,70.699,71.161,71.994,72.053,71.389
CC of Jackson - 2,3.953,-0.047,0,75,287,37,8,1,71.058,71.542,71.654,72.12,72.333,71.828
Torrey Pines GC (South) - 5,3.952,-0.048,0,69,190,48,3,0,72.268,71.462,72.09,72.208,74.779,72.343
Plantation Course at Kapalua - 3,3.949,-0.051,0,27,93,13,2,1,70.375,71.912,70.971,71.412,70.588,71.221
Torrey Pines (North) - 14,3.949,-0.051,0,26,112,18,0,0,72.268,71.462,72.09,72.208,74.779,72.343
TPC Scottsdale - 16,2.948,-0.052,0,77,277,44,6,0,70.192,70.893,70.047,69.903,70.208,70.324
Pebble Beach GL - 7,2.948,-0.052,0,51,148,27,3,2,71.801,70.699,71.161,71.994,72.053,71.389
El Camaleon GC - 10,2.945,-0.055,1,69,302,38,5,0,69.609,70.348,70.504,70.654,69.654,70.323
Torrey Pines (North) - 6,3.942,-0.058,1,33,98,22,2,0,72.268,71.462,72.09,72.208,74.779,72.343
Sea Island Resort (Seaside) - 16,3.94,-0.06,0,68,195,27,10,1,69.184,69.761,70.297,68.466,69.425,69.682
TPC Summerlin - 7,3.937,-0.063,1,87,297,51,5,0,69.623,71.174,72.284,72.192,70.231,71.542
Sea Island Resort (Seaside) - 13,3.937,-0.063,1,54,210,35,1,0,69.184,69.761,70.297,68.466,69.425,69.682
Waialae CC - 15,3.936,-0.064,0,80,312,42,5,0,68.309,69.208,69.224,68.408,68.171,68.895
La Quinta CC - 10,3.929,-0.071,1,38,90,22,2,1,70.787,69.316,69.323,70.805,71.234,70.015
TPC Summerlin - 1,3.927,-0.073,0,80,313,48,0,0,69.623,71.174,72.284,72.192,70.231,71.542
Pebble Beach GL - 15,3.926,-0.074,0,45,160,24,2,0,71.801,70.699,71.161,71.994,72.053,71.389
Sea Island Resort (Seaside) - 6,2.924,-0.076,1,44,233,23,0,0,69.184,69.761,70.297,68.466,69.425,69.682
Sea Island Resort (Plantation) - 14,3.923,-0.077,0,31,107,15,2,0,69.184,69.761,70.297,68.466,69.425,69.682
CC of Jackson - 13,2.922,-0.078,0,80,282,44,2,0,71.058,71.542,71.654,72.12,72.333,71.828
Stadium Course - 5,4.922,-0.078,4,65,120,33,9,1,70.787,69.316,69.323,70.805,71.234,70.015
El Camaleon GC - 3,3.916,-0.084,0,98,264,46,4,3,69.609,70.348,70.504,70.654,69.654,70.323
La Quinta CC - 17,3.916,-0.084,0,38,93,22,0,1,70.787,69.316,69.323,70.805,71.234,70.015
Nicklaus Tournament Course - 3,2.916,-0.084,1,31,104,18,1,0,70.787,69.316,69.323,70.805,71.234,70.015
Stadium Course - 4,2.914,-0.086,0,45,164,21,2,0,70.787,69.316,69.323,70.805,71.234,70.015
El Camaleon GC - 17,3.913,-0.087,0,101,256,51,7,0,69.609,70.348,70.504,70.654,69.654,70.323
Spyglass Hill GC - 15,2.909,-0.091,0,31,107,15,1,0,71.801,70.699,71.161,71.994,72.053,71.389
Sea Island Resort (Plantation) - 2,3.897,-0.103,0,31,111,12,0,1,69.184,69.761,70.297,68.466,69.425,69.682
Sea Island Resort (Plantation) - 1,3.89,-0.11,0,36,102,15,2,0,69.184,69.761,70.297,68.466,69.425,69.682
Nicklaus Tournament Course - 2,3.89,-0.11,0,32,109,13,1,0,70.787,69.316,69.323,70.805,71.234,70.015
Monterey Peninsula CC - 3,2.89,-0.11,0,32,108,15,0,0,71.801,70.699,71.161,71.994,72.053,71.389
Monterey Peninsula CC - 11,2.89,-0.11,1,30,109,15,0,0,71.801,70.699,71.161,71.994,72.053,71.389
Stadium Course - 2,3.884,-0.116,0,53,155,22,2,0,70.787,69.316,69.323,70.805,71.234,70.015
Monterey Peninsula CC - 12,4.884,-0.116,1,36,99,18,1,0,71.801,70.699,71.161,71.994,72.053,71.389
Spyglass Hill GC - 4,3.883,-0.117,2,38,91,22,1,0,71.801,70.699,71.161,71.994,72.053,71.389
Sea Island Resort (Seaside) - 8,3.877,-0.123,0,62,216,21,2,0,69.184,69.761,70.297,68.466,69.425,69.682
La Quinta CC - 8,3.877,-0.123,0,39,97,16,2,0,70.787,69.316,69.323,70.805,71.234,70.015
El Camaleon GC - 6,3.875,-0.125,0,92,286,34,3,0,69.609,70.348,70.504,70.654,69.654,70.323
Waialae CC - 12,3.875,-0.125,0,108,282,45,4,0,68.309,69.208,69.224,68.408,68.171,68.895
CC of Jackson - 1,3.873,-0.127,0,98,265,44,1,0,71.058,71.542,71.654,72.12,72.333,71.828
Nicklaus Tournament Course - 13,3.871,-0.129,0,42,92,20,1,0,70.787,69.316,69.323,70.805,71.234,70.015
La Quinta CC - 18,3.87,-0.13,0,37,101,15,1,0,70.787,69.316,69.323,70.805,71.234,70.015
Spyglass Hill GC - 17,3.864,-0.136,0,36,104,13,1,0,71.801,70.699,71.161,71.994,72.053,71.389
CC of Jackson - 15,3.863,-0.137,2,116,230,56,4,0,71.058,71.542,71.654,72.12,72.333,71.828
Plantation Course at Kapalua - 16,3.86,-0.14,0,33,89,14,0,0,70.375,71.912,70.971,71.412,70.588,71.221
Stadium Course - 14,3.858,-0.142,0,50,165,17,0,0,70.787,69.316,69.323,70.805,71.234,70.015
Spyglass Hill GC - 1,4.857,-0.143,0,45,87,21,1,0,71.801,70.699,71.161,71.994,72.053,71.389
Plantation Course at Kapalua - 6,3.853,-0.147,1,31,91,13,0,0,70.375,71.912,70.971,71.412,70.588,71.221
Stadium Course - 7,3.853,-0.147,0,74,131,15,11,1,70.787,69.316,69.323,70.805,71.234,70.015
Torrey Pines (North) - 7,3.853,-0.147,3,35,101,16,1,0,72.268,71.462,72.09,72.208,74.779,72.343
Plantation Course at Kapalua - 12,3.846,-0.154,2,28,97,7,2,0,70.375,71.912,70.971,71.412,70.588,71.221
Spyglass Hill GC - 14,4.838,-0.162,1,53,77,18,3,2,71.801,70.699,71.161,71.994,72.053,71.389
TPC Summerlin - 15,3.832,-0.168,6,141,234,49,6,5,69.623,71.174,72.284,72.192,70.231,71.542
Monterey Peninsula CC - 13,3.826,-0.174,0,35,112,8,0,0,71.801,70.699,71.161,71.994,72.053,71.389
El Camaleon GC - 7,4.819,-0.181,1,121,254,31,7,1,69.609,70.348,70.504,70.654,69.654,70.323
Nicklaus Tournament Course - 5,3.819,-0.181,0,42,102,8,3,0,70.787,69.316,69.323,70.805,71.234,70.015
Torrey Pines GC (South) - 13,4.81,-0.19,5,91,174,38,2,0,72.268,71.462,72.09,72.208,74.779,72.343
La Quinta CC - 4,3.805,-0.195,0,40,104,10,0,0,70.787,69.316,69.323,70.805,71.234,70.015
Spyglass Hill GC - 7,4.805,-0.195,3,56,67,24,4,0,71.801,70.699,71.161,71.994,72.053,71.389
El Camaleon GC - 5,4.802,-0.198,12,157,158,79,7,2,69.609,70.348,70.504,70.654,69.654,70.323
Stadium Course - 12,3.802,-0.198,1,67,142,21,1,0,70.787,69.316,69.323,70.805,71.234,70.015
La Quinta CC - 1,3.799,-0.201,1,41,100,12,0,0,70.787,69.316,69.323,70.805,71.234,70.015
Pebble Beach GL - 4,3.788,-0.212,1,76,129,21,4,0,71.801,70.699,71.161,71.994,72.053,71.389
La Quinta CC - 7,2.779,-0.221,0,43,104,5,2,0,70.787,69.316,69.323,70.805,71.234,70.015
La Quinta CC - 9,3.779,-0.221,0,42,104,8,0,0,70.787,69.316,69.323,70.805,71.234,70.015
Silverado Resort and Spa North - 9,4.778,-0.222,4,150,233,39,8,2,70.827,71.965,71.035,70.787,73.693,71.757
TPC Summerlin - 13,4.778,-0.222,5,146,236,50,4,0,69.623,71.174,72.284,72.192,70.231,71.542
TPC Scottsdale - 15,4.777,-0.223,9,153,179,50,9,4,70.192,70.893,70.047,69.903,70.208,70.324
Nicklaus Tournament Course - 10,3.774,-0.226,1,44,101,7,2,0,70.787,69.316,69.323,70.805,71.234,70.015
Nicklaus Tournament Course - 15,4.774,-0.226,1,55,79,18,2,0,70.787,69.316,69.323,70.805,71.234,70.015
El Camaleon GC - 8,2.771,-0.229,1,119,271,22,2,0,69.609,70.348,70.504,70.654,69.654,70.323
Torrey Pines GC (South) - 18,4.768,-0.232,0,110,168,27,4,1,72.268,71.462,72.09,72.208,74.779,72.343
El Camaleon GC - 4,2.759,-0.241,0,125,266,23,1,0,69.609,70.348,70.504,70.654,69.654,70.323
Stadium Course - 11,4.759,-0.241,0,74,141,16,1,0,70.787,69.316,69.323,70.805,71.234,70.015
Nicklaus Tournament Course - 16,3.755,-0.245,0,48,97,10,0,0,70.787,69.316,69.323,70.805,71.234,70.015
CC of Jackson - 14,4.748,-0.252,3,139,231,28,7,0,71.058,71.542,71.654,72.12,72.333,71.828
TPC Summerlin - 16,4.737,-0.263,8,162,217,46,8,0,69.623,71.174,72.284,72.192,70.231,71.542
Riviera CC - 17,4.732,-0.268,3,142,262,27,2,0,71.012,72.203,72.135,70.605,71.382,71.759
Sea Island Resort (Seaside) - 7,4.721,-0.279,2,109,165,21,4,0,69.184,69.761,70.297,68.466,69.425,69.682
Silverado Resort and Spa North - 16,4.718,-0.282,5,164,222,39,6,0,70.827,71.965,71.035,70.787,73.693,71.757
Torrey Pines (North) - 11,3.712,-0.288,1,54,90,11,0,0,72.268,71.462,72.09,72.208,74.779,72.343
Torrey Pines GC (South) - 9,4.71,-0.29,1,104,189,16,0,0,72.268,71.462,72.09,72.208,74.779,72.343
El Camaleon GC - 11,3.708,-0.292,2,134,266,9,4,0,69.609,70.348,70.504,70.654,69.654,70.323
Silverado Resort and Spa North - 18,4.69,-0.31,4,164,234,31,3,0,70.827,71.965,71.035,70.787,73.693,71.757
Plantation Course at Kapalua - 14,3.684,-0.316,0,56,67,13,0,0,70.375,71.912,70.971,71.412,70.588,71.221
Waialae CC - 10,3.683,-0.317,3,170,231,33,2,0,68.309,69.208,69.224,68.408,68.171,68.895
Stadium Course - 16,4.677,-0.323,4,89,120,16,3,0,70.787,69.316,69.323,70.805,71.234,70.015
Riviera CC - 11,4.667,-0.333,5,179,212,36,4,0,71.012,72.203,72.135,70.605,71.382,71.759
Torrey Pines GC (South) - 6,4.652,-0.348,7,126,150,24,2,1,72.268,71.462,72.09,72.208,74.779,72.343
Plantation Course at Kapalua - 15,4.64,-0.36,2,66,51,13,4,0,70.375,71.912,70.971,71.412,70.588,71.221
TPC Summerlin - 9,4.635,-0.365,8,180,220,31,2,0,69.623,71.174,72.284,72.192,70.231,71.542
Torrey Pines (North) - 10,4.635,-0.365,3,59,86,8,0,0,72.268,71.462,72.09,72.208,74.779,72.343
TPC Scottsdale - 17,3.626,-0.374,10,184,158,51,1,0,70.192,70.893,70.047,69.903,70.208,70.324
Silverado Resort and Spa North - 5,4.619,-0.381,8,190,206,26,5,1,70.827,71.965,71.035,70.787,73.693,71.757
Sea Island Resort (Plantation) - 4,4.613,-0.387,1,67,78,9,0,0,69.184,69.761,70.297,68.466,69.425,69.682
CC of Jackson - 11,4.61,-0.39,9,170,201,27,1,0,71.058,71.542,71.654,72.12,72.333,71.828
Plantation Course at Kapalua - 18,4.61,-0.39,4,56,66,9,1,0,70.375,71.912,70.971,71.412,70.588,71.221
TPC Scottsdale - 3,4.601,-0.399,8,175,194,24,3,0,70.192,70.893,70.047,69.903,70.208,70.324
Sea Island Resort (Plantation) - 8,4.594,-0.406,3,73,65,13,0,1,69.184,69.761,70.297,68.466,69.425,69.682
CC of Jackson - 3,4.593,-0.407,5,179,205,15,4,0,71.058,71.542,71.654,72.12,72.333,71.828
TPC Scottsdale - 13,4.592,-0.408,13,169,195,24,3,0,70.192,70.893,70.047,69.903,70.208,70.324
Nicklaus Tournament Course - 4,4.581,-0.419,1,73,72,8,1,0,70.787,69.316,69.323,70.805,71.234,70.015
Torrey Pines (North) - 9,4.551,-0.449,5,64,85,0,2,0,72.268,71.462,72.09,72.208,74.779,72.343
Plantation Course at Kapalua - 9,4.544,-0.456,2,66,61,6,1,0,70.375,71.912,70.971,71.412,70.588,71.221
La Quinta CC - 13,4.539,-0.461,2,78,67,4,2,1,70.787,69.316,69.323,70.805,71.234,70.015
Pebble Beach GL - 6,4.528,-0.472,6,116,91,17,1,0,71.801,70.699,71.161,71.994,72.053,71.389
Torrey Pines (North) - 17,4.519,-0.481,8,70,69,7,2,0,72.268,71.462,72.09,72.208,74.779,72.343
Spyglass Hill GC - 11,4.506,-0.494,1,83,61,9,0,0,71.801,70.699,71.161,71.994,72.053,71.389
Nicklaus Tournament Course - 7,4.477,-0.523,3,84,59,9,0,0,70.787,69.316,69.323,70.805,71.234,70.015
El Camaleon GC - 13,4.475,-0.525,17,228,132,33,4,1,69.609,70.348,70.504,70.654,69.654,70.323
Stadium Course - 8,4.474,-0.526,6,115,107,3,1,0,70.787,69.316,69.323,70.805,71.234,70.015
Torrey Pines (North) - 5,4.462,-0.538,6,79,64,7,0,0,72.268,71.462,72.09,72.208,74.779,72.343
Sea Island Resort (Plantation) - 16,4.458,-0.542,8,74,67,6,0,0,69.184,69.761,70.297,68.466,69.425,69.682
Nicklaus Tournament Course - 11,4.458,-0.542,5,86,53,10,1,0,70.787,69.316,69.323,70.805,71.234,70.015
Sea Island Resort (Seaside) - 15,4.452,-0.548,16,151,117,16,1,0,69.184,69.761,70.297,68.466,69.425,69.682
La Quinta CC - 11,4.422,-0.578,11,76,61,4,1,1,70.787,69.316,69.323,70.805,71.234,70.015
Monterey Peninsula CC - 16,4.394,-0.606,4,90,57,4,0,0,71.801,70.699,71.161,71.994,72.053,71.389
Waialae CC - 18,4.39,-0.61,15,245,172,7,0,0,68.309,69.208,69.224,68.408,68.171,68.895
Pebble Beach GL - 2,4.372,-0.628,15,119,93,4,0,0,71.801,70.699,71.161,71.994,72.053,71.389
La Quinta CC - 5,4.364,-0.636,5,92,53,4,0,0,70.787,69.316,69.323,70.805,71.234,70.015
La Quinta CC - 6,4.325,-0.675,6,98,45,4,1,0,70.787,69.316,69.323,70.805,71.234,70.015
Plantation Course at Kapalua - 5,4.301,-0.699,6,91,33,4,2,0,70.375,71.912,70.971,71.412,70.588,71.221
Riviera CC - 1,4.284,-0.716,30,261,137,7,1,0,71.012,72.203,72.135,70.605,71.382,71.759
Monterey Peninsula CC - 10,4.271,-0.729,12,96,41,5,1,0,71.801,70.699,71.161,71.994,72.053,71.389
Sea Island Resort (Plantation) - 18,4.258,-0.742,20,87,38,8,2,0,69.184,69.761,70.297,68.466,69.425,69.682
Waialae CC - 9,4.21,-0.79,39,285,104,9,1,1,68.309,69.208,69.224,68.408,68.171,68.895
